<?xml version="1.0"?>
<zend-config xmlns:zf="http://framework.zend.com/xml/zend-config-xml/1.0/">
  <general>
    <timezone>Europe/Berlin</timezone>
    <language>en</language>
    <validLanguages>en</validLanguages>
    <debug>1</debug>
    <loginscreenimageservice>1</loginscreenimageservice>
    <loglevel>
      <debug>1</debug>
      <info>1</info>
      <notice>1</notice>
      <warning>1</warning>
      <error>1</error>
      <critical>1</critical>
      <alert>1</alert>
      <emergency>1</emergency>
    </loglevel>
    <custom_php_logfile>1</custom_php_logfile>
  </general>
  <database>
    <adapter>Mysqli</adapter>
    <params>
      <host>localhost</host>
      <username>root</username>
      <password></password>
      <dbname>slate</dbname>
      <port>3306</port>
    </params>
  </database>
  <documents>
    <versions>
      <steps>10</steps>
    </versions>
    <default_controller>default</default_controller>
    <default_action>default</default_action>
    <error_pages>
      <default>/</default>
    </error_pages>
    <createredirectwhenmoved></createredirectwhenmoved>
    <allowtrailingslash>no</allowtrailingslash>
    <allowcapitals>no</allowcapitals>
    <generatepreview>1</generatepreview>
  </documents>
  <objects>
    <versions>
      <steps>10</steps>
    </versions>
  </objects>
  <assets>
    <versions>
      <steps>10</steps>
    </versions>
  </assets>
  <services/>
  <cache>
    <excludeCookie></excludeCookie>
  </cache>
  <httpclient>
    <adapter>Zend_Http_Client_Adapter_Socket</adapter>
  </httpclient>
</zend-config>
